{
    "left_hand": [
        [
            72.0,
            120.0,
            1.0
        ],
        [
            50.00001525878906,
            108.0,
            1.0
        ],
        [
            26.000015258789062,
            91.0,
            1.0
        ],
        [
            15.0,
            71.0,
            1.0
        ],
        [
            0.0,
            56.0,
            1.0
        ],
        [
            50.00001525878906,
            55.0,
            1.0
        ],
        [
            44.00001525878906,
            30.0,
            1.0
        ],
        [
            42.99998474121094,
            10.0,
            1.0
        ],
        [
            41.00001525878906,
            -117.0,
            1.0
        ],
        [
            66.99998474121094,
            53.0,
            1.0
        ],
        [
            65.00001525878906,
            22.0,
            1.0
        ],
        [
            66.99998474121094,
            0.0,
            1.0
        ],
        [
            -508.0000000298023,
            -117.0,
            1.0
        ],
        [
            81.0,
            56.0,
            1.0
        ],
        [
            81.0,
            30.0,
            1.0
        ],
        [
            83.00001525878906,
            10.0,
            1.0
        ],
        [
            83.00001525878906,
            -117.0,
            1.0
        ],
        [
            96.0,
            64.0,
            1.0
        ],
        [
            102.0,
            43.0,
            1.0
        ],
        [
            107.00001525878906,
            30.0,
            1.0
        ],
        [
            110.00001525878906,
            16.0,
            1.0
        ]
    ],
    "right_hand": [
        [
            37.00000762939453,
            127.0,
            1.0
        ],
        [
            59.000003814697266,
            119.0,
            1.0
        ],
        [
            83.00000381469727,
            104.0,
            1.0
        ],
        [
            99.99999618530273,
            86.0,
            1.0
        ],
        [
            117.99999618530273,
            75.0,
            1.0
        ],
        [
            64.00000762939453,
            67.0,
            1.0
        ],
        [
            72.0000114440918,
            38.0,
            1.0
        ],
        [
            75.99999618530273,
            21.0,
            1.0
        ],
        [
            80.00000381469727,
            4.0,
            1.0
        ],
        [
            45.0,
            64.0,
            1.0
        ],
        [
            50.000003814697266,
            29.0,
            1.0
        ],
        [
            51.0,
            8.0,
            1.0
        ],
        [
            54.0,
            -104.0,
            1.0
        ],
        [
            29.000003814697266,
            67.0,
            1.0
        ],
        [
            30.0,
            35.0,
            1.0
        ],
        [
            32.000003814697266,
            16.0,
            1.0
        ],
        [
            34.00000762939453,
            0.0,
            1.0
        ],
        [
            11.000003814697266,
            70.0,
            1.0
        ],
        [
            8.000003814697266,
            48.0,
            1.0
        ],
        [
            4.000007629394531,
            35.0,
            1.0
        ],
        [
            0.0,
            21.0,
            1.0
        ]
    ],
    "face": []
}