{
    "left_hand": [
        [
            72.0,
            138.6749968987715,
            1
        ],
        [
            50.00001525878906,
            126.6749968987715,
            1
        ],
        [
            26.000015258789062,
            109.6749968987715,
            1
        ],
        [
            15.0,
            89.6749968987715,
            1
        ],
        [
            0.0,
            74.6749968987715,
            1
        ],
        [
            46.88441843878036,
            68.06475585206891,
            1
        ],
        [
            44.700867221123644,
            41.31155552497435,
            1
        ],
        [
            42.99998474121094,
            22.714115786649984,
            1
        ],
        [
            42.00298865302648,
            7.0136598257858935,
            1
        ],
        [
            66.64955876004365,
            63.25333859753661,
            1
        ],
        [
            65.00001525878906,
            40.6749968987715,
            1
        ],
        [
            65.94870679770906,
            22.18139755296059,
            1
        ],
        [
            65.38117571016846,
            0.0,
            1
        ],
        [
            82.28699289317831,
            68.16587713769567,
            1
        ],
        [
            84.50425981167291,
            45.869876375420176,
            1
        ],
        [
            85.4529971269601,
            27.623076702514766,
            1
        ],
        [
            85.02609712479875,
            9.122938432072758,
            1
        ],
        [
            98.0260818660098,
            76.01283565581218,
            1
        ],
        [
            103.05127794350199,
            60.272436637095865,
            1
        ],
        [
            107.35044123995635,
            46.921796571676936,
            1
        ],
        [
            110.70086722112376,
            31.519236310001304,
            1
        ]
    ],
    "right_hand": [
        [
            37.00000762939453,
            140.03029482565358,
            1
        ],
        [
            59.000003814697266,
            132.03029482565358,
            1
        ],
        [
            83.00000381469727,
            117.0302948256536,
            1
        ],
        [
            99.99999618530273,
            99.0302948256536,
            1
        ],
        [
            117.99999618530273,
            88.0302948256536,
            1
        ],
        [
            68.60503479194651,
            69.66265371825791,
            1
        ],
        [
            72.0000114440918,
            51.0302948256536,
            1
        ],
        [
            75.99999618530273,
            34.0302948256536,
            1
        ],
        [
            80.00000381469727,
            17.0302948256536,
            1
        ],
        [
            47.878141976595,
            66.66265371825791,
            1
        ],
        [
            49.424375419378265,
            45.4861751947855,
            1
        ],
        [
            51.0,
            21.0302948256536,
            1
        ],
        [
            54.0,
            0.0,
            1
        ],
        [
            29.575632210016238,
            70.81461384130189,
            1
        ],
        [
            30.0,
            44.574414456521666,
            1
        ],
        [
            30.848747024059264,
            26.150394518043655,
            1
        ],
        [
            34.57563602471356,
            7.270494210433782,
            1
        ],
        [
            11.000003814697266,
            78.99843439499973,
            1
        ],
        [
            8.000003814697266,
            61.0302948256536,
            1
        ],
        [
            4.000007629394531,
            48.0302948256536,
            1
        ],
        [
            0.0,
            34.0302948256536,
            1
        ]
    ],
    "face": []
}